Item Title,Publication Title,Book Series Title,Journal Volume,Journal Issue,Item DOI,Authors,Publication Year,URL,Content Type
"Towards Software Compliance Specification and Enforcement Using TOSCA","Economics of Grids, Clouds, Systems, and Services","","","","10.1007/978-3-030-92916-9_14","Mohammed MubarkootJörn Altmann","2021","http://link.springer.com/chapter/10.1007/978-3-030-92916-9_14","Chapter"
"The CMS monitoring infrastructure and applications","Computing and Software for Big Science","","5","1","10.1007/s41781-020-00051-x","Christian Ariza-PorrasValentin KuznetsovFederica Legger","2021","http://link.springer.com/article/10.1007/s41781-020-00051-x","Article"
"The Relation of Test-Related Factors to Software Quality: A Case Study on Apache Systems","Empirical Software Engineering","","26","2","10.1007/s10664-020-09891-y","Fabiano PecorelliFabio PalombaAndrea De Lucia","2021","http://link.springer.com/article/10.1007/s10664-020-09891-y","Article"
"Ultra-Reliable and Low-Latency Computing in the Edge with Kubernetes","Journal of Grid Computing","","19","3","10.1007/s10723-021-09573-z","László Toka","2021","http://link.springer.com/article/10.1007/s10723-021-09573-z","Article"
"Designing and implementing a Big Data benchmark in a financial context: application to a cash management use case","Computing","","103","9","10.1007/s00607-021-00933-x","Lilia SfaxiMohamed Mehdi Ben Aissa","2021","http://link.springer.com/article/10.1007/s00607-021-00933-x","Article"
"Enjoy your observability: an industrial survey of microservice tracing and analysis","Empirical Software Engineering","","27","1","10.1007/s10664-021-10063-9","Bowen LiXin PengQilin XiangHanzhang WangTao XieJun SunXuanzhe Liu","2021","http://link.springer.com/article/10.1007/s10664-021-10063-9","Article"
"A cloud-native application for digital restoration of Cultural Heritage using nuclear imaging: THESPIAN-XRF","Rendiconti Lincei. Scienze Fisiche e Naturali","","","","10.1007/s12210-023-01174-0","Alessandro BombiniFernando García-Avello BofíasChiara RubertoFrancesco Taccetti","2023","http://link.springer.com/article/10.1007/s12210-023-01174-0","Article"
"Edge computing in the loop simulation framework for automotive use cases evaluation","Wireless Networks","","","","10.1007/s11276-023-03432-3","Levente Márk MallerPéter SuskovicsLászló Bokor","2023","http://link.springer.com/article/10.1007/s11276-023-03432-3","Article"
"Snowmass 2021 Computational Frontier CompF4 Topical Group Report Storage and Processing Resource Access","Computing and Software for Big Science","","7","1","10.1007/s41781-023-00097-7","W. BhimjiD. CarderE. DartJ. DuarteI. FiskR. GardnerC. GuokB. JayatilakaT. LehmanM. LinC. MaltzahnS. McKeeM. S. NeubauerO. RindO. ShaduraN. V. Tran","2023","http://link.springer.com/article/10.1007/s41781-023-00097-7","Article"
"Offline Mining of Microservice-Based Architectures (Extended Version)","SN Computer Science","","4","3","10.1007/s42979-023-01721-4","Jacopo SoldaniJavad KhaliliAntonio Brogi","2023","http://link.springer.com/article/10.1007/s42979-023-01721-4","Article"
"Intent-Driven Orchestration: Enforcing Service Level Objectives for Cloud Native Deployments","SN Computer Science","","4","3","10.1007/s42979-023-01698-0","Thijs MetschMagdalena ViktorssonAdrian HobanMonica VitaliRavi IyerErik Elmroth","2023","http://link.springer.com/article/10.1007/s42979-023-01698-0","Article"
"A Novel Weight-Assignment Load Balancing Algorithm for Cloud Applications","SN Computer Science","","4","3","10.1007/s42979-023-01702-7","Adekunbi A. AdewojoJulian M. Bass","2023","http://link.springer.com/article/10.1007/s42979-023-01702-7","Article"
"Minimizing Resource Allocation for Cloud-Native Microservices","Journal of Network and Systems Management","","31","2","10.1007/s10922-023-09726-3","Roland ErdeiLaszlo Toka","2023","http://link.springer.com/article/10.1007/s10922-023-09726-3","Article"
"Understanding the challenges and novel architectural models of multi-cloud native applications – a systematic literature review","Journal of Cloud Computing","","12","1","10.1186/s13677-022-00367-6","Juncal AlonsoLeire Orue-EchevarriaValentina CasolaAna Isabel TorreMaider HuarteEneko OsabaJesus L. Lobo","2023","http://link.springer.com/article/10.1186/s13677-022-00367-6","Article"
"Cloud Transformation","","","","","10.1007/978-3-658-38823-2","Roland FrankGregor SchumacherAndreas Tamm","2023","http://link.springer.com/book/10.1007/978-3-658-38823-2","Book"
"Edge Intelligence","","","","","10.1007/978-3-031-22155-2","Javid TaheriSchahram DustdarAlbert ZomayaShuiguang Deng","2023","http://link.springer.com/book/10.1007/978-3-031-22155-2","Book"
"Artificial Intelligence  Applications  and Innovations. AIAI 2023 IFIP WG 12.5 International Workshops","IFIP Advances in Information and Communication Technology","","","","10.1007/978-3-031-34171-7","Ilias MaglogiannisLazaros IliadisAntonios PapaleonidasIoannis Chochliouros","2023","http://link.springer.com/book/10.1007/978-3-031-34171-7","Book"
"Smart Computing and Communication","Lecture Notes in Computer Science","","","","10.1007/978-3-031-28124-2","Meikang QiuZhihui LuCheng Zhang","2023","http://link.springer.com/book/10.1007/978-3-031-28124-2","Book"
"Advanced Information Systems Engineering","Lecture Notes in Computer Science","","","","10.1007/978-3-031-34560-9","Marta IndulskaIris Reinhartz-BergerCarlos CetinaOscar Pastor","2023","http://link.springer.com/book/10.1007/978-3-031-34560-9","Book"
"The Digital Twin","","","","","10.1007/978-3-031-21343-4","Noel CrespiAdam T. DrobotRoberto Minerva","2023","http://link.springer.com/book/10.1007/978-3-031-21343-4","Book"
"Computer Science and Education","Communications in Computer and Information Science","","","","10.1007/978-981-99-2449-3","Wenxing HongYang Weng","2023","http://link.springer.com/book/10.1007/978-981-99-2449-3","Book"
"Computer Security. ESORICS 2022 International Workshops","Lecture Notes in Computer Science","","","","10.1007/978-3-031-25460-4","Sokratis KatsikasFrédéric CuppensChristos KalloniatisJohn MylopoulosFrank PallasJörg PohleM. Angela SasseHabtamu AbieSilvio RaniseLuca VerderameEnrico CambiasoJorge Maestre VidalMarco Antonio Sotelo MongeMassimiliano AlbaneseBasel KattSandeep PirbhulalAnkur Shukla","2023","http://link.springer.com/book/10.1007/978-3-031-25460-4","Book"
"European Language Grid","Cognitive Technologies","","","","10.1007/978-3-031-17258-8","Georg Rehm","2023","http://link.springer.com/book/10.1007/978-3-031-17258-8","Book"
"The Power of Data: Driving Climate Change with Data Science and Artificial Intelligence Innovations","Studies in Big Data","","","","10.1007/978-3-031-22456-0","Aboul Ella HassanienAshraf Darwish","2023","http://link.springer.com/book/10.1007/978-3-031-22456-0","Book"
"Ubiquitous Security","Communications in Computer and Information Science","","","","10.1007/978-981-99-0272-9","Guojun WangKim-Kwang Raymond ChooJie WuErnesto Damiani","2023","http://link.springer.com/book/10.1007/978-981-99-0272-9","Book"
"AI and Blockchain in Healthcare","Advanced Technologies and Societal Change","","","","10.1007/978-981-99-0377-1","Bipin Kumar RaiGautam KumarVipin Balyan","2023","http://link.springer.com/book/10.1007/978-981-99-0377-1","Book"
"Parallel and Distributed Computing, Applications and Technologies","Lecture Notes in Computer Science","","","","10.1007/978-3-031-29927-8","Hiroyuki TakizawaHong ShenToshihiro HanawaJong Hyuk ParkHui TianRyusuke Egawa","2023","http://link.springer.com/book/10.1007/978-3-031-29927-8","Book"
"Construction Practice of Cloud Billing Message Based on Stream Native","Smart Computing and Communication","","","","10.1007/978-3-031-28124-2_40","Xiaoli HuangAndi LiuYizhong LiuLi LiZhenglin LvFan Wang","2023","http://link.springer.com/chapter/10.1007/978-3-031-28124-2_40","Chapter"
"Cloud Computing Technology","","","","","10.1007/978-981-19-3026-3","Huawei Technologies Co., Ltd.","2023","http://link.springer.com/book/10.1007/978-981-19-3026-3","Book"
"Mastering Software as a Core Competence","Cloud Transformation","","","","10.1007/978-3-658-38823-2_6","Roland FrankGregor SchumacherAndreas Tamm","2023","http://link.springer.com/chapter/10.1007/978-3-658-38823-2_6","Chapter"
"Cost Effective Decision Support System for Smart Water Management System","The Power of Data: Driving Climate Change with Data Science and Artificial Intelligence Innovations","","","","10.1007/978-3-031-22456-0_12","Amany Magdy MohamedAshraf DarwishAboul Ella Hassanien","2023","http://link.springer.com/chapter/10.1007/978-3-031-22456-0_12","Chapter"
"Solution Architecting on Remote Medical Monitoring with AWS Cloud and IoT","AI and Blockchain in Healthcare","","","","10.1007/978-981-99-0377-1_12","Parul DubeyArvind Kumar Tiwari","2023","http://link.springer.com/chapter/10.1007/978-981-99-0377-1_12","Chapter"
"Infrastructure for Digital Twins: Data, Communications, Computing, and Storage","The Digital Twin","","","","10.1007/978-3-031-21343-4_15","Flavio BonomiAdam T. Drobot","2023","http://link.springer.com/chapter/10.1007/978-3-031-21343-4_15","Chapter"
"AI/ML for Computation Offloading","Edge Intelligence","","","","10.1007/978-3-031-22155-2_4","Javid TaheriSchahram DustdarAlbert ZomayaShuiguang Deng","2023","http://link.springer.com/chapter/10.1007/978-3-031-22155-2_4","Chapter"
"Encryption Proxies in a Confidential Computing Environment","Ubiquitous Security","","","","10.1007/978-981-99-0272-9_25","Mohamad Jamil Al BouhairiMostakim MullickMarvin WolfIvan GudymenkoSebastian Clauss","2023","http://link.springer.com/chapter/10.1007/978-981-99-0272-9_25","Chapter"
"AI/ML for Service Life Cycle at Edge","Edge Intelligence","","","","10.1007/978-3-031-22155-2_3","Javid TaheriSchahram DustdarAlbert ZomayaShuiguang Deng","2023","http://link.springer.com/chapter/10.1007/978-3-031-22155-2_3","Chapter"
"Cloud Computing Development Trends","Cloud Computing Technology","","","","10.1007/978-981-19-3026-3_8","","2023","http://link.springer.com/chapter/10.1007/978-981-19-3026-3_8","Chapter"
"Kubernetes as a Standard Container Orchestrator - A Bibliometric Analysis","Journal of Grid Computing","","20","4","10.1007/s10723-022-09629-8","Carmen Carrión","2022","http://link.springer.com/article/10.1007/s10723-022-09629-8","Article"
"A configurable method for benchmarking scalability of cloud-native applications","Empirical Software Engineering","","27","6","10.1007/s10664-022-10162-1","Sören HenningWilhelm Hasselbring","2022","http://link.springer.com/article/10.1007/s10664-022-10162-1","Article"
"Conformance checking for autonomous multi-cloud SLA management and adaptation","The Journal of Supercomputing","","78","11","10.1007/s11227-022-04363-0","Jeremy MechoucheRoua TouihriMohamed SellamiWalid Gaaloul","2022","http://link.springer.com/article/10.1007/s11227-022-04363-0","Article"
"S-RAP: relevance-aware QoS prediction in web-services and user contexts","Knowledge and Information Systems","","64","7","10.1007/s10115-022-01699-0","Hafiz Syed Muhammad MuslimSaddaf RubabMalik M. KhanNaima IltafAli Kashif BashirKashif Javed","2022","http://link.springer.com/article/10.1007/s10115-022-01699-0","Article"
"An autonomous performance testing framework using self-adaptive fuzzy reinforcement learning","Software Quality Journal","","30","1","10.1007/s11219-020-09532-z","Mahshid Helali MoghadamMehrdad SaadatmandMarkus BorgMarkus BohlinBjörn Lisper","2022","http://link.springer.com/article/10.1007/s11219-020-09532-z","Article"
"Kubernetes in IT administration and serverless computing: An empirical study and research challenges","The Journal of Supercomputing","","78","2","10.1007/s11227-021-03982-3","Subrota Kumar MondalRui PanH M Dipu KabirTan TianHong-Ning Dai","2022","http://link.springer.com/article/10.1007/s11227-021-03982-3","Article"
"Towards a Quality Model for Cloud-native Applications","Service-Oriented and Cloud Computing","","","","10.1007/978-3-031-04718-3_7","Robin LichtenthälerGuido Wirtz","2022","http://link.springer.com/chapter/10.1007/978-3-031-04718-3_7","Chapter"
"Towards Greener Applications: Enabling Sustainable-aware Cloud Native Applications Design","Advanced Information Systems Engineering","","","","10.1007/978-3-031-07472-1_6","Monica Vitali","2022","http://link.springer.com/chapter/10.1007/978-3-031-07472-1_6","Chapter"
"Service-Oriented and Cloud Computing","Lecture Notes in Computer Science","","","","10.1007/978-3-031-04718-3","Dr. Fabrizio MontesiGeorge Angelos PapadopoulosWolf Zimmermann","2022","http://link.springer.com/book/10.1007/978-3-031-04718-3","Book"
"Artificial Intelligence Applications and Innovations. AIAI 2022 IFIP WG 12.5 International Workshops","IFIP Advances in Information and Communication Technology","","","","10.1007/978-3-031-08341-9","Ilias MaglogiannisLazaros IliadisProf. John MacintyrePaulo Cortez","2022","http://link.springer.com/book/10.1007/978-3-031-08341-9","Book"
"Banking 4.0","","","","","10.1007/978-981-16-6069-6","Mohan Bhatia","2022","http://link.springer.com/book/10.1007/978-981-16-6069-6","Book"
"The Authoritative Guide on Harbor","","","","","10.1007/978-981-19-2727-0","Haining ZhangYan Wang","2022","http://link.springer.com/book/10.1007/978-981-19-2727-0","Book"
"Advanced Information Systems Engineering","Lecture Notes in Computer Science","","","","10.1007/978-3-031-07472-1","Prof. Dr. Xavier FranchGeert PoelsDr. Frederik GaillyMonique Snoeck","2022","http://link.springer.com/book/10.1007/978-3-031-07472-1","Book"
"Cloud Native Privacy Engineering through DevPrivOps","Privacy and Identity Management. Between Data Protection and Security","","","","10.1007/978-3-030-99100-5_10","Elias Grünewald","2022","http://link.springer.com/chapter/10.1007/978-3-030-99100-5_10","Chapter"
"Privacy and Identity Management. Between Data Protection and Security","IFIP Advances in Information and Communication Technology","","","","10.1007/978-3-030-99100-5","Michael FriedewaldStephan KrennIna SchieringStefan Schiffner","2022","http://link.springer.com/book/10.1007/978-3-030-99100-5","Book"
"Optimization Design of Privacy Protection System Based on Cloud Native","Advances in Artificial Intelligence and Security","","","","10.1007/978-3-031-06761-7_48","Yifan ZhangShuli ZhangChengyun GuoLuogang ZhangYinggang SunHai Huang","2022","http://link.springer.com/chapter/10.1007/978-3-031-06761-7_48","Chapter"
"Advances in Artificial Intelligence and Security","Communications in Computer and Information Science","","","","10.1007/978-3-031-06761-7","Xingming SunProf. Xiaorui ZhangZhihua XiaProf. Dr. Elisa Bertino","2022","http://link.springer.com/book/10.1007/978-3-031-06761-7","Book"
"Network and System Security","Lecture Notes in Computer Science","","","","10.1007/978-3-031-23020-2","Xingliang YuanGuangdong BaiCristina AlcarazSuryadipta Majumdar","2022","http://link.springer.com/book/10.1007/978-3-031-23020-2","Book"
"Cloud Adoption: A Foundational Engine","Banking 4.0","","","","10.1007/978-981-16-6069-6_6","Mohan Bhatia","2022","http://link.springer.com/chapter/10.1007/978-981-16-6069-6_6","Chapter"
"Service-Oriented Computing","Lecture Notes in Computer Science","","","","10.1007/978-3-031-20984-0","Javier TroyaBrahim MedjahedMario PiattiniLina YaoPablo FernándezAntonio Ruiz-Cortés","2022","http://link.springer.com/book/10.1007/978-3-031-20984-0","Book"
"Advanced Computing and Intelligent Technologies","Lecture Notes in Electrical Engineering","","","","10.1007/978-981-19-2980-9","Rabindra Nath ShawSanjoy DasVincenzo PiuriMonica Bianchini","2022","http://link.springer.com/book/10.1007/978-981-19-2980-9","Book"
"Proceedings of the 12th International Conference on Computer Engineering and Networks","Lecture Notes in Electrical Engineering","","","","10.1007/978-981-19-6901-0","Qi LiuXiaodong LiuJieren ChengTao ShenYuan Tian","2022","http://link.springer.com/book/10.1007/978-981-19-6901-0","Book"
"Cloud Computing, Big Data & Emerging Topics","Communications in Computer and Information Science","","","","10.1007/978-3-031-14599-5","Dr. Enzo RucciMarcelo NaioufFranco ChichizolaLaura De GiustiProf. Armando De Giusti","2022","http://link.springer.com/book/10.1007/978-3-031-14599-5","Book"
"Driving Scientific and Engineering Discoveries Through the Integration of Experiment, Big Data, and Modeling and Simulation","Communications in Computer and Information Science","","","","10.1007/978-3-030-96498-6","Jeffrey NicholsDr. Arthur ‘Barney’ MaccabeDr. James NutaroSwaroop PophalePravallika DevineniTheresa AhearnBecky Verastegui","2022","http://link.springer.com/book/10.1007/978-3-030-96498-6","Book"
"Computational Science and Its Applications – ICCSA 2022","Lecture Notes in Computer Science","","","","10.1007/978-3-031-10522-7","Prof. Dr. Osvaldo GervasiBeniamino MurganteEligius M. T. HendrixDavid TaniarProf. Bernady O. Apduhan","2022","http://link.springer.com/book/10.1007/978-3-031-10522-7","Book"
"Case-Based Reasoning Research and Development","Lecture Notes in Computer Science","","","","10.1007/978-3-031-14923-8","Mark T. KeaneNirmalie Wiratunga","2022","http://link.springer.com/book/10.1007/978-3-031-14923-8","Book"
"Euro-Par 2022: Parallel Processing","Lecture Notes in Computer Science","","","","10.1007/978-3-031-12597-3","José CanoPhil Trinder","2022","http://link.springer.com/book/10.1007/978-3-031-12597-3","Book"
"Evolution of MANO Towards the Cloud-Native Paradigm for the Edge Computing","Advanced Computing and Intelligent Technologies","","","","10.1007/978-981-19-2980-9_1","Alejandro Fornés-LealIgnacio LacalleRafael VañoCarlos E. PalauFernando BoronatMaria GanzhaMarcin Paprzycki","2022","http://link.springer.com/chapter/10.1007/978-981-19-2980-9_1","Chapter"
"Cybersecurity of Digital Service Chains","Lecture Notes in Computer Science","","","","10.1007/978-3-031-04036-8","Joanna KołodziejMatteo RepettoArmend Duzha","2022","http://link.springer.com/book/10.1007/978-3-031-04036-8","Book"
"EAM Evaluation","Fundamentals of Enterprise Architecture Management","","","","10.1007/978-3-030-96734-5_5","Jörg Ziemann","2022","http://link.springer.com/chapter/10.1007/978-3-030-96734-5_5","Chapter"
"Information Systems","Lecture Notes in Business Information Processing","","","","10.1007/978-3-030-95947-0","Prof. Marinos ThemistocleousDr. Maria Papadaki","2022","http://link.springer.com/book/10.1007/978-3-030-95947-0","Book"
"Compendium on Enterprise Resource Planning","","","","","10.1007/978-3-030-93856-7","Dr. Siar Sarferaz","2022","http://link.springer.com/book/10.1007/978-3-030-93856-7","Book"
"Service-Oriented Computing","Communications in Computer and Information Science","","","","10.1007/978-3-031-18304-1","Johanna BarzenFrank LeymannSchahram Dustdar","2022","http://link.springer.com/book/10.1007/978-3-031-18304-1","Book"
"Computer Security. ESORICS 2021 International Workshops","Lecture Notes in Computer Science","","","","10.1007/978-3-030-95484-0","Sokratis KatsikasProf. Costas LambrinoudakisNora CuppensProf. John MylopoulosChristos KalloniatisDr. Weizhi MengSteven FurnellFrank PallasJörg PohleM. Angela SasseHabtamu AbieSilvio RaniseLuca VerderameEnrico CambiasoJorge Maestre VidalMarco Antonio Sotelo Monge","2022","http://link.springer.com/book/10.1007/978-3-030-95484-0","Book"
"Quality of Information and Communications Technology","Communications in Computer and Information Science","","","","10.1007/978-3-031-14179-9","Antonio VallecilloJoost VisserRicardo Pérez-Castillo","2022","http://link.springer.com/book/10.1007/978-3-031-14179-9","Book"
"Dependable Software Engineering. Theories, Tools, and Applications","Lecture Notes in Computer Science","","","","10.1007/978-3-031-21213-0","Wei DongJean-Pierre Talpin","2022","http://link.springer.com/book/10.1007/978-3-031-21213-0","Book"
"Fundamental Approaches to Software Engineering","Lecture Notes in Computer Science","","","","10.1007/978-3-030-99429-7","Prof. Einar Broch JohnsenProf. Manuel Wimmer","2022","http://link.springer.com/book/10.1007/978-3-030-99429-7","Book"
"Designing Data Spaces","","","","","10.1007/978-3-030-93975-5","Prof. Dr. Boris OttoProf. Dr. Michael ten HompelProf. Dr. Stefan Wrobel","2022","http://link.springer.com/book/10.1007/978-3-030-93975-5","Book"
"Distributed Applications and Interoperable Systems","Lecture Notes in Computer Science","","","","10.1007/978-3-031-16092-9","David EyersSpyros Voulgaris","2022","http://link.springer.com/book/10.1007/978-3-031-16092-9","Book"
"Decentralized Access Control for Secure Microservices Cooperation with Blockchain","Network and System Security","","","","10.1007/978-3-031-23020-2_34","Ning XiYajie LiJin Liu","2022","http://link.springer.com/chapter/10.1007/978-3-031-23020-2_34","Chapter"
"Euro-Par 2021: Parallel Processing Workshops","Lecture Notes in Computer Science","","","","10.1007/978-3-031-06156-1","Ricardo ChavesDora B. HerasAleksandar IlicDidem UnatRosa M. BadiaAndrea BraccialiPatrick DiehlDr. Anshu DubeyOh SangyoonStephen L. ScottLaura Ricci","2022","http://link.springer.com/book/10.1007/978-3-031-06156-1","Book"
"Deployment and Operation of Complex Software in Heterogeneous Execution Environments","SpringerBriefs in Applied Sciences and Technology","","","","10.1007/978-3-031-04961-3","Prof. Elisabetta Di NittoDr. Jesús Gorroñogoitia CruzDr. Indika KumaraDr. Dragan RadolovićDr. Kamil TokmakovDr. Zoe Vasileiou","2022","http://link.springer.com/book/10.1007/978-3-031-04961-3","Book"
"Alternative Data and Artificial Intelligence Techniques","Palgrave Studies in Risk and Insurance","","","","10.1007/978-3-031-11612-4","Qingquan Tony ZhangBeibei LiDanxia Xie","2022","http://link.springer.com/book/10.1007/978-3-031-11612-4","Book"
"New Frontiers in Cloud Computing and Internet of Things","Internet of Things","","","","10.1007/978-3-031-05528-7","Rajkumar BuyyaLalit GargGiancarlo FortinoSanjay Misra","2022","http://link.springer.com/book/10.1007/978-3-031-05528-7","Book"
"Cloud Computing and Services Science","Communications in Computer and Information Science","","","","10.1007/978-3-031-21637-4","Donald FergusonMarkus HelfertClaus Pahl","2022","http://link.springer.com/book/10.1007/978-3-031-21637-4","Book"
"Multi-objective Hybrid Autoscaling of Microservices in Kubernetes Clusters","Euro-Par 2022: Parallel Processing","","","","10.1007/978-3-031-12597-3_15","Angelina HornHamid Mohammadi FardFelix Wolf","2022","http://link.springer.com/chapter/10.1007/978-3-031-12597-3_15","Chapter"
"Deliver Digital Experience","Banking 4.0","","","","10.1007/978-981-16-6069-6_5","Mohan Bhatia","2022","http://link.springer.com/chapter/10.1007/978-981-16-6069-6_5","Chapter"
"ICWE 2021 Workshops","Communications in Computer and Information Science","","","","10.1007/978-3-030-92231-3","Maxim BakaevProf. In-Young KoMichael MrissaProf. Cesare PautassoAbhishek Srivastava","2022","http://link.springer.com/book/10.1007/978-3-030-92231-3","Book"
"MicroCBR: Case-Based Reasoning on Spatio-temporal Fault Knowledge Graph for Microservices Troubleshooting","Case-Based Reasoning Research and Development","","","","10.1007/978-3-031-14923-8_15","Fengrui LiuYang WangZhenyu LiRui RenHongtao GuanXian YuXiaofan ChenGaogang Xie","2022","http://link.springer.com/chapter/10.1007/978-3-031-14923-8_15","Chapter"
"Model Based Migration of Cloud Systems: Review and Roadmap","Computational Science and Its Applications – ICCSA 2022","","","","10.1007/978-3-031-10522-7_18","Jaleleddine HajlaouiZied TrifaZaki Brahmi","2022","http://link.springer.com/chapter/10.1007/978-3-031-10522-7_18","Chapter"
"Migration Strategies and Refactoring Methodology When Moving a Legacy ERP System to Cloud Platform","Distributed Sensing and Intelligent Systems","","","","10.1007/978-3-030-64258-7_19","Majda El MariouliJalal Laassiri","2022","http://link.springer.com/chapter/10.1007/978-3-030-64258-7_19","Chapter"
"Sovereign Cloud Technologies for Scalable Data Spaces","Designing Data Spaces","","","","10.1007/978-3-030-93975-5_25","Wieland HolfelderAndreas MayerThomas Baumgart","2022","http://link.springer.com/chapter/10.1007/978-3-030-93975-5_25","Chapter"
"Phi: A Generic Microservices-Based Big Data Architecture","Information Systems","","","","10.1007/978-3-030-95947-0_1","Amine MaamouriLilia SfaxiRiadh Robbana","2022","http://link.springer.com/chapter/10.1007/978-3-030-95947-0_1","Chapter"
"Alternative Data Utilization from a Country Perspective","Alternative Data and Artificial Intelligence Techniques","","","","10.1007/978-3-031-11612-4_5","Qingquan Tony ZhangBeibei LiDanxia Xie","2022","http://link.springer.com/chapter/10.1007/978-3-031-11612-4_5","Chapter"
"Tactical Approach to the Industrialisation","Banking 4.0","","","","10.1007/978-981-16-6069-6_2","Mohan Bhatia","2022","http://link.springer.com/chapter/10.1007/978-981-16-6069-6_2","Chapter"
"SMT-Based Planning Synthesis for Distributed System Reconfigurations","Fundamental Approaches to Software Engineering","","","","10.1007/978-3-030-99429-7_15","Simon RobillardHélène Coullon","2022","http://link.springer.com/chapter/10.1007/978-3-030-99429-7_15","Chapter"